INSERT INTO tbl_address (id,address1,address2,city,zip) VALUES (1,'Hutstrasse 17',NULL,'Frieswil','3035'),(2,'Bankstrasse 3',NULL,'Münsingen','3110'),(3,'Wutstrasse 75',NULL,'Meggen','6045'),(4,'Teufelsstrasse 666',NULL,'Campascio','7748'),(5,'Hanswurstweg 11',NULL,'Boppelsen','8113'),(6,'Klappergasse 5',NULL,'Courcelon','2823'),(7,'Tischplattenweg 64',NULL,'Bern','3020'),(8,'Steckengraben 2',NULL,'Birsfelden','4127'),(9,'Huddibuddiweg 943',NULL,'Nenzlingen','4224'),(10,'Ideenlosweg 4',NULL,'Dittingen','4243');

INSERT INTO tbl_customer (id,firstn,lastn,date_birth,email,id_address) VALUES (1,'Bruce','Banner','1960-08-01','hulk.avengers@marvel.com',1),(2,'Thor','Odinson','1960-10-04','t.odinson@marvel.com',2),(3,'Anthony','Stark','1960-09-04','iron.man@marvel.com',3),(4,'Natasha','Romanova','1960-08-04','black.widow@marvel.com',4),(5,'Peter','Parker','1960-07-04','spider.man@marvel.com',5),(6,'Steve','Rogers','1960-06-04','captain.america@marvel.com',6),(7,'James','Howlett','1960-05-04','wolverine.xman@marvel.com',7),(8,'Matt','Murdock','1960-04-04','dare.devil@marvel.com',8),(9,'Steven','Strange','1960-03-04','dr.strange@marvel.com',9),(10,'Luke','Cage','1960-02-04','luke.cage@marvel.com',10);

INSERT INTO tbl_media (id,title,autor,genre,rating,type,period,ean) VALUES (1,'Invincible Iron Man #8','Bendis, Deodato','Comic',12,'DVD',14,444444444),(2,'Invincible Iron Man #5','Marquez','Comic',12,'DVD',14,555555555),(3,'All-New, All-Different Avengers #4','Asrar','Game',12,'PS4',10,666666666),(4,'All-New, All-Different Avengers #6','Waid','Comic',12,'DVD',14,777777777),(5,'Amazing Spider-Man #17','Camuncoli','Comic',10,'DVD',21,888888888),(6,'Amazing Spider-Man #9','Slott','Comic',10,'DVD',21,999999999),(7,'Daredevil #11','Garney','Comic',16,'BlueRay',14,111111111),(8,'Daredevil #3','Soule','Comic',16,'DVD',14,222222222),(9,'Deadpool #18','Hawthorne','Comic',16,'BlueRay',14,333333333),(10,'Doctor Strange #4','Nowlan','Comic',12,'BlueRay',14,181818181),(11,'Die Physiker','Dürrenmatt, Friedrich','Comedy',10,'Book',21,9783856164133),(12,'Die chli Häx','Preussler, Otfried','Fairytale',6,'Book',21,9783522105804);

INSERT INTO tbl_borrowing (id,date_borrowed,id_customer,id_media) VALUES (1,'2020-01-01',1,2),(2,'2020-02-02',3,4),(3,'2020-03-03',5,6),(4,'2020-04-04',7,8),(5,'2020-05-05',9,10),(6,'2020-06-06',2,4),(7,'2019-07-07',5,1),(8,'2019-08-08',8,3),(9,'2019-09-09',1,6),(10,'2019-10-10',4,9),(11,'2019-11-11',2,10);
